"GROUP","STN","NAME","ELEV_M","HOUR_KST","N_PAIRED_HOURS","MAE_BEFORE_C","MAE_AFTER_C","MAE_IMPROVEMENT_C"
"1","964","마량","49.92","0","365","0.6061564695335969","0.6384960014763554","-0.032339531942758515"
"1","964","마량","49.92","1","365","0.6393998572594147","0.6732461328004912","-0.03384627554107644"
"1","964","마량","49.92","2","365","0.6445393873027149","0.6846058094141668","-0.04006642211145195"
"1","964","마량","49.92","3","365","0.6906859361299863","0.7243491876548344","-0.03366325152484806"
"1","964","마량","49.92","4","365","0.670425194959442","0.7003939042588914","-0.029968709299449392"
"1","964","마량","49.92","5","365","0.6699526896775861","0.6985683360033157","-0.02861564632572955"
"1","964","마량","49.92","6","365","0.6200954078899467","0.6510947328477958","-0.030999324957849184"
"1","964","마량","49.92","7","364","0.5960615753348661","0.6332100242815645","-0.03714844894669833"
"1","964","마량","49.92","8","364","0.4946426254571015","0.475815961032944","0.018826664424157535"
"1","964","마량","49.92","9","364","0.5967284284070622","0.5179231870360088","0.07880524137105338"
"1","964","마량","49.92","10","364","0.6040043309345765","0.506725783347121","0.09727854758745547"
"1","964","마량","49.92","11","364","0.568599477143538","0.4869809559986265","0.08161852114491147"
"1","964","마량","49.92","12","364","0.553845744684078","0.48759416484296814","0.06625157984110985"
"1","964","마량","49.92","13","364","0.6354308869562545","0.5764070241504361","0.059023862805818395"
"1","964","마량","49.92","14","365","0.5945897493950182","0.5469462824060988","0.047643466988919414"
"1","964","마량","49.92","15","365","0.6020455829251798","0.5685670740775872","0.033478508847592625"
"1","964","마량","49.92","16","365","0.524435011058705","0.48720118488228975","0.0372338261764153"
"1","964","마량","49.92","17","365","0.4592781132463417","0.4401454195055091","0.019132693740832596"
"1","964","마량","49.92","18","365","0.4790475971013492","0.4827999059011445","-0.003752308799795323"
"1","964","마량","49.92","19","365","0.482975735539697","0.4879959636316485","-0.005020228091951462"
"1","964","마량","49.92","20","364","0.5152496839990673","0.5349360465426146","-0.019686362543547276"
"1","964","마량","49.92","21","365","0.5347233409188992","0.5456876038787549","-0.010964262959855753"
"1","964","마량","49.92","22","365","0.548652715379726","0.5590922626410023","-0.010439547261276272"
"1","964","마량","49.92","23","365","0.5904835944439409","0.6168888637838429","-0.02640526933990195"
"2","519","사내","298.11","0","349","1.3218363945257052","1.9797169447546523","-0.6578805502289471"
"2","519","사내","298.11","1","350","1.3504651162507322","2.0050740563730054","-0.6546089401222732"
"2","519","사내","298.11","2","349","1.4436272101349232","2.082920581564744","-0.6392933714298208"
"2","519","사내","298.11","3","346","1.4470752700656113","2.085415171830902","-0.6383399017652909"
"2","519","사내","298.11","4","347","1.4731966755272365","2.1269432296351964","-0.6537465541079599"
"2","519","사내","298.11","5","347","1.5204834059364767","2.194348558737996","-0.6738651528015194"
"2","519","사내","298.11","6","347","1.511043342266814","2.174826476171046","-0.6637831339042322"
"2","519","사내","298.11","7","345","1.4343041640169325","2.0166346701082136","-0.5823305060912811"
"2","519","사내","298.11","8","351","1.3196156511699828","1.7342220512881448","-0.41460640011816197"
"2","519","사내","298.11","9","361","1.3888594313623497","1.3734736247855512","0.015385806576798444"
"2","519","사내","298.11","10","362","1.5665144760792766","1.1438789538964778","0.4226355221827989"
"2","519","사내","298.11","11","362","1.8033305801859882","1.0668459438086664","0.7364846363773219"
"2","519","사내","298.11","12","363","1.8638514818834524","1.028872340217511","0.8349791416659413"
"2","519","사내","298.11","13","363","1.7777704127456926","0.8918568766534783","0.8859135360922142"
"2","519","사내","298.11","14","363","1.6538402017634708","0.7777395448211382","0.8761006569423326"
"2","519","사내","298.11","15","363","1.538398102897011","0.6502285428747177","0.8881695600222934"
"2","519","사내","298.11","16","363","1.3125116385714575","0.5441019151516233","0.7684097234198342"
"2","519","사내","298.11","17","363","1.0708844982294086","0.8879525407941604","0.18293195743524815"
"2","519","사내","298.11","18","363","1.0420855021916844","1.164080789154912","-0.1219952869632277"
"2","519","사내","298.11","19","358","0.9989083611578178","1.3432027689401551","-0.34429440778233733"
"2","519","사내","298.11","20","355","1.060574747209043","1.5105173784582837","-0.4499426312492407"
"2","519","사내","298.11","21","354","1.0734342604012828","1.6465696880869773","-0.5731354276856946"
"2","519","사내","298.11","22","353","1.181694732876594","1.780953638447824","-0.5992589055712298"
"2","519","사내","298.11","23","352","1.237550428428657","1.8533980835891184","-0.6158476551604615"
"3","311","가야산","605.47","0","365","2.326340414908534","1.0305778200381706","1.2957625948703633"
"3","311","가야산","605.47","1","365","2.1525846164559272","1.1708525266879906","0.9817320897679367"
"3","311","가야산","605.47","2","365","2.05616961825002","1.2811759866675214","0.7749936315824988"
"3","311","가야산","605.47","3","365","1.9313967143497763","1.4434794382665908","0.4879172760831856"
"3","311","가야산","605.47","4","365","1.9023339769003256","1.4837843905282642","0.4185495863720614"
"3","311","가야산","605.47","5","365","1.885413624483756","1.5782769192191326","0.30713670526462344"
"3","311","가야산","605.47","6","365","1.88014433024739","1.6405495926261036","0.23959473762128636"
"3","311","가야산","605.47","7","365","1.9621944674234415","1.690384009355232","0.27181045806820947"
"3","311","가야산","605.47","8","365","2.023325910757715","1.6587089845193286","0.36461692623838626"
"3","311","가야산","605.47","9","365","2.242020613980501","1.4658223405101003","0.7761982734704005"
"3","311","가야산","605.47","10","365","2.533797081152803","1.2028582315872653","1.3309388495655377"
"3","311","가야산","605.47","11","365","2.9519924848897574","0.993367041054271","1.9586254438354864"
"3","311","가야산","605.47","12","365","3.4026668713104296","0.9591852405983056","2.443481630712124"
"3","311","가야산","605.47","13","365","3.6836512571886164","1.079539775167567","2.6041114820210494"
"3","311","가야산","605.47","14","365","3.9312434428865575","1.2333091422210483","2.6979343006655094"
"3","311","가야산","605.47","15","365","4.264436018638114","1.5273561935354094","2.737079825102705"
"3","311","가야산","605.47","16","365","4.719635698114123","1.9666642803562204","2.7529714177579026"
"3","311","가야산","605.47","17","365","4.79743627360925","2.0602353492053163","2.737200924403934"
"3","311","가야산","605.47","18","365","4.433355800900201","1.789626785051998","2.643729015848203"
"3","311","가야산","605.47","19","365","3.7962391301783383","1.3065517294480928","2.4896874007302454"
"3","311","가야산","605.47","20","365","3.307608451226898","1.03882186709169","2.268786584135208"
"3","311","가야산","605.47","21","365","2.98220426120585","0.9656001924891074","2.0166040687167426"
"3","311","가야산","605.47","22","365","2.751664138666404","0.9528144137782003","1.7988497248882038"
"3","311","가야산","605.47","23","365","2.5157535710666306","0.9744168435544371","1.5413367275121934"
"4","316","무등산","911.53","0","365","3.2343506262378328","2.811459635463133","0.4228909907746998"
"4","316","무등산","911.53","1","365","3.1395738162997047","3.0622653304975525","0.07730848580215222"
"4","316","무등산","911.53","2","365","3.068519762479833","3.2583370914202052","-0.1898173289403724"
"4","316","무등산","911.53","3","365","3.1084435981315934","3.400086354771556","-0.29164275663996264"
"4","316","무등산","911.53","4","365","3.0822374516945596","3.5334083765225897","-0.45117092482803"
"4","316","무등산","911.53","5","365","3.094455342037033","3.616929436081976","-0.5224740940449433"
"4","316","무등산","911.53","6","365","3.091902290680991","3.739420466285429","-0.6475181756044379"
"4","316","무등산","911.53","7","365","3.115839939053364","3.535092732518327","-0.4192527934649628"
"4","316","무등산","911.53","8","365","3.431604483726479","2.9958247953165067","0.4357796884099723"
"4","316","무등산","911.53","9","365","4.127296696247059","2.174912298588267","1.9523843976587925"
"4","316","무등산","911.53","10","365","5.121804544760231","1.643281464943868","3.4785230798163624"
"4","316","무등산","911.53","11","364","5.882647379138104","1.4599505045821988","4.422696874555905"
"4","316","무등산","911.53","12","364","6.272146533405235","1.4503805410502106","4.821765992355024"
"4","316","무등산","911.53","13","364","6.373668355821638","1.3944152656522208","4.979253090169418"
"4","316","무등산","911.53","14","364","6.507514434876483","1.4566371941758365","5.050877240700647"
"4","316","무등산","911.53","15","364","6.563610368015156","1.4906467859249009","5.072963582090255"
"4","316","무등산","911.53","16","365","6.526315723650805","1.4903807075921225","5.035935016058683"
"4","316","무등산","911.53","17","365","6.420815694094267","1.4431841537267567","4.9776315403675095"
"4","316","무등산","911.53","18","365","6.003895693839721","1.261029158871287","4.742866534968433"
"4","316","무등산","911.53","19","365","5.441618937978255","1.2701857203490572","4.171433217629198"
"4","316","무등산","911.53","20","365","4.684737612262008","1.4646616651956932","3.220075947066315"
"4","316","무등산","911.53","21","365","4.083471601572958","1.8136314683896821","2.269840133183276"
"4","316","무등산","911.53","22","365","3.646379182567692","2.216977805509454","1.4294013770582383"
"4","316","무등산","911.53","23","365","3.3580578970936843","2.554705112812878","0.8033527842808064"
"5","869","영실","1260.2","0","359","1.3536309131035524","0.8857958654818409","0.4678350476217116"
"5","869","영실","1260.2","1","359","1.3430394272958945","0.8931857118389196","0.44985371545697495"
"5","869","영실","1260.2","2","359","1.3979271752161724","0.9144211651864113","0.4835060100297611"
"5","869","영실","1260.2","3","359","1.3547174596280274","0.8561112197893972","0.49860623983863017"
"5","869","영실","1260.2","4","358","1.4390220378328586","0.9322393434414838","0.5067826943913748"
"5","869","영실","1260.2","5","358","1.375176592001924","0.9011067229574202","0.4740698690445039"
"5","869","영실","1260.2","6","358","1.406452537450867","0.9298600608772936","0.4765924765735734"
"5","869","영실","1260.2","7","357","1.4580353737884362","1.1251639497662023","0.3328714240222339"
"5","869","영실","1260.2","8","358","1.4140996026889066","1.1642679402479938","0.2498316624409127"
"5","869","영실","1260.2","9","357","1.2646691093725513","0.9389821093921438","0.3256869999804075"
"5","869","영실","1260.2","10","357","1.2390283668229871","0.7609085333575569","0.4781198334654302"
"5","869","영실","1260.2","11","358","1.237968546154994","0.7804054991598766","0.4575630469951175"
"5","869","영실","1260.2","12","358","1.2149570872551698","0.7536250502365289","0.4613320370186409"
"5","869","영실","1260.2","13","358","1.2458397368191467","0.7090229499428814","0.5368167868762653"
"5","869","영실","1260.2","14","358","1.242519496011277","0.6610874490901374","0.5814320469211397"
"5","869","영실","1260.2","15","358","1.2949919081395034","0.6366798478308843","0.6583120603086191"
"5","869","영실","1260.2","16","357","1.3606458178812155","0.7000064932047582","0.6606393246764574"
"5","869","영실","1260.2","17","358","1.4289850529810944","0.6661320131660853","0.7628530398150091"
"5","869","영실","1260.2","18","359","1.5000980996629427","0.7332575002502996","0.7668405994126432"
"5","869","영실","1260.2","19","359","1.4126717798500734","0.7713309482981918","0.6413408315518816"
"5","869","영실","1260.2","20","359","1.343428424269217","0.8018335702635555","0.5415948540056614"
"5","869","영실","1260.2","21","359","1.3554607132806187","0.8695522081536641","0.4859085051269546"
"5","869","영실","1260.2","22","359","1.3647026922833576","0.9103053744810684","0.4543973178022892"
"5","869","영실","1260.2","23","359","1.399560729994545","0.8644441717659976","0.5351165582285473"
"6","867","삼각봉","1503.33","0","365","1.2093933903289111","1.2795450128867347","-0.07015162255782359"
"6","867","삼각봉","1503.33","1","365","1.1822409602669546","1.2443590117196175","-0.062118051452662915"
"6","867","삼각봉","1503.33","2","365","1.1541917044820236","1.2143936927768635","-0.060201988294839914"
"6","867","삼각봉","1503.33","3","365","1.146752185301301","1.2228306718217836","-0.07607848652048266"
"6","867","삼각봉","1503.33","4","365","1.1645059759192713","1.2248304620385786","-0.0603244861193073"
"6","867","삼각봉","1503.33","5","365","1.1090410441953742","1.1547217868147719","-0.045680742619397696"
"6","867","삼각봉","1503.33","6","364","1.1378457296275877","1.1868277767136577","-0.04898204708607001"
"6","867","삼각봉","1503.33","7","365","0.9757547162852287","1.0239831831932977","-0.048228466908069034"
"6","867","삼각봉","1503.33","8","365","0.7828599362234828","0.7409852513826803","0.04187468484080248"
"6","867","삼각봉","1503.33","9","365","0.7194765013455948","0.6175558869290676","0.10192061441652722"
"6","867","삼각봉","1503.33","10","365","0.7851097650435909","0.6387516874739261","0.1463580775696648"
"6","867","삼각봉","1503.33","11","365","0.867731338940192","0.6895751900506509","0.17815614888954112"
"6","867","삼각봉","1503.33","12","364","0.8975833362833607","0.6518459685178127","0.245737367765548"
"6","867","삼각봉","1503.33","13","365","0.8944819851216579","0.6686614670901039","0.225820518031554"
"6","867","삼각봉","1503.33","14","365","0.8806035535228002","0.6306969263881385","0.24990662713466172"
"6","867","삼각봉","1503.33","15","365","0.9177034239707854","0.6385110358503681","0.27919238812041736"
"6","867","삼각봉","1503.33","16","365","0.9252318738082129","0.6469438806641464","0.2782879931440665"
"6","867","삼각봉","1503.33","17","365","0.8109314017916902","0.5629903137570698","0.24794108803462045"
"6","867","삼각봉","1503.33","18","365","0.7415974499948874","0.5590649437092748","0.18253250628561257"
"6","867","삼각봉","1503.33","19","365","0.7952010834988347","0.7317319123772137","0.06346917112162098"
"6","867","삼각봉","1503.33","20","365","0.9955601600939118","1.0237081053211405","-0.028147945227228743"
"6","867","삼각봉","1503.33","21","365","1.115485831920411","1.1487840690949909","-0.0332982371745798"
"6","867","삼각봉","1503.33","22","365","1.1506265129038487","1.194410964741338","-0.04378445183748925"
"6","867","삼각봉","1503.33","23","365","1.1644365420206304","1.2412952989657233","-0.07685875694509292"
