HOUR,METHOD,METRIC,N_STATIONS,SLOPE_C_PER_100M,INTERCEPT_C,R2,SPEARMAN_RHO,MEDIAN_C
0,none,MAE,513,0.11854956222451969,0.9124828263252379,0.20468248328635708,0.24288164859151787,0.9047580818075912
0,none,BIAS,513,0.15374876008003238,-0.2873697917040274,0.13109474815930866,0.1931528738284568,-0.1068544997136903
0,none,RMSE,513,0.13102403874942928,1.1541944971726341,0.21058117082317562,0.23424939922287108,1.144056120120445
0,fixed_lapse,MAE,513,0.07281886975918216,0.861008214720063,0.13527582335569333,0.18136461119524777,0.8583886699104178
0,fixed_lapse,BIAS,513,-0.08178400520925558,0.186145010557189,0.05589603057039594,-0.05982887939908088,0.0765063304518549
0,fixed_lapse,RMSE,513,0.09970671665817488,1.1097634717644649,0.16947566796886715,0.19045333208657803,1.1128351465810356
1,none,MAE,513,0.11578722742411175,0.9165115541737366,0.19630794650671335,0.24142863720386212,0.9067731793239044
1,none,BIAS,513,0.14712215943530824,-0.2752817005423379,0.12275306916421802,0.19043693271048318,-0.1031937570571739
1,none,RMSE,513,0.12854223204386997,1.1601302617597051,0.2011494841696918,0.23443139229904558,1.1562301797406207
1,fixed_lapse,MAE,513,0.07857589405425999,0.8663743635445798,0.14432488798548404,0.18388540418196808,0.878665334477209
1,fixed_lapse,BIAS,513,-0.08842674030275621,0.19803479833916177,0.06144726989918403,-0.06094905900469239,0.0970995172759408
1,fixed_lapse,RMSE,513,0.10711251598750175,1.116419859714352,0.17754742836588933,0.19461028504872335,1.134855913041201
2,none,MAE,513,0.11441541314723486,0.918251566274241,0.19188563286159865,0.23759473861795916,0.9011529113787636
2,none,BIAS,513,0.14177177916693928,-0.2664958962835782,0.1162764308053208,0.1906586131656623,-0.0946791779093557
2,none,RMSE,513,0.1274756322776834,1.1640285242976358,0.19609813009463983,0.22862792419987601,1.1570518908577296
2,fixed_lapse,MAE,513,0.08330100842577663,0.8693432487620223,0.15152862401287392,0.18097555932984316,0.8786772708490409
2,fixed_lapse,BIAS,513,-0.09376137864312616,0.2067640524390971,0.06619933624041896,-0.06283183182009118,0.0993744401569684
2,fixed_lapse,RMSE,513,0.11305765468713003,1.121703103532738,0.18397722962682117,0.18980997878481914,1.1368665398623157
3,none,MAE,513,0.11311437232978507,0.9184225795493849,0.18860749719667613,0.23824355837841632,0.8970773808728474
3,none,BIAS,513,0.13745160744495677,-0.2594294926984894,0.11158059820635235,0.1935457922134285,-0.0898998326667209
3,none,RMSE,513,0.1262812483885775,1.167368164770134,0.19191142627906033,0.2311569835387742,1.1559782562041812
3,fixed_lapse,MAE,513,0.08716452844630906,0.8698135622610531,0.1576882771768956,0.18382909521310042,0.8790971585458011
3,fixed_lapse,BIAS,513,-0.09815753984494084,0.21371090391124184,0.0703458523730518,-0.061997108021138767,0.1179151806685032
3,fixed_lapse,RMSE,513,0.11749658965426345,1.1258683942903014,0.187991127332076,0.19677962473962238,1.127396258654756
4,none,MAE,513,0.11377101074127713,0.9185359091186783,0.19109237766048148,0.24167400564673377,0.8979686271939082
4,none,BIAS,513,0.13367099181958986,-0.2537268634854138,0.10676662449469021,0.19553580539337165,-0.0852072495418022
4,none,RMSE,513,0.1275085120922724,1.1703788805856004,0.1951643192400313,0.23327054757384932,1.1643502475775478
4,fixed_lapse,MAE,513,0.09194256755247994,0.8697119898344082,0.16771585247936027,0.18457946666563543,0.8695540223154518
4,fixed_lapse,BIAS,513,-0.10190301877910438,0.2195450683566474,0.0732890498863269,-0.06259224093519328,0.127946958264494
4,fixed_lapse,RMSE,513,0.1238512099044167,1.1283191099524714,0.19859793026975725,0.19699223887305803,1.1521541544830347
5,none,MAE,513,0.11367682323544619,0.9188806670542674,0.18958358602574987,0.24423110836318174,0.898856848902483
5,none,BIAS,513,0.13098968171811412,-0.24900864453307645,0.10364647705293117,0.19792069243944682,-0.0837167411393997
5,none,RMSE,513,0.1275648741663769,1.170665321077416,0.19405588661387652,0.23890971081279488,1.168101125493368
5,fixed_lapse,MAE,513,0.09496585306634991,0.8687016481573272,0.1716750466894048,0.18937906184548134,0.8779082549032154
5,fixed_lapse,BIAS,513,-0.10461492908513825,0.22412041615633654,0.07557568419298577,-0.06167036489634385,0.1137783491408571
5,fixed_lapse,RMSE,513,0.12808600245385743,1.1270332327743846,0.20346536285102967,0.20510001930594515,1.1630053970541665
6,none,MAE,513,0.11366305568394726,0.9109638553136142,0.19205049558446385,0.24423968581463515,0.8994136560325939
6,none,BIAS,513,0.12953652930489784,-0.2460339903919786,0.10345841396103694,0.20031020153190107,-0.0757241880233258
6,none,RMSE,513,0.12844439029514368,1.160609409771336,0.19830147009484167,0.24181871125260052,1.1637211044294011
6,fixed_lapse,MAE,513,0.09848250480800944,0.8583636148448913,0.1823869388180589,0.19249547661654626,0.870245448898576
6,fixed_lapse,BIAS,513,-0.10608038624531253,0.22702448607794148,0.0775536709184701,-0.05636492229451539,0.1403531350175782
6,fixed_lapse,RMSE,513,0.1325847147525553,1.1149969910345647,0.2143390793343034,0.2104226612534341,1.1548680125203103
7,none,MAE,513,0.11883109777635179,0.8780874184844584,0.21132847573740576,0.27188614513156245,0.8684355251153503
7,none,BIAS,513,0.13839772073765863,-0.2640173361048865,0.12376808711914278,0.2137732004506986,-0.0867355946825057
7,none,RMSE,513,0.13201459126426934,1.1279464427579944,0.21370764832966171,0.26350113080144044,1.1305886133505718
7,fixed_lapse,MAE,513,0.0981698665342917,0.8179909259241563,0.20671033409010775,0.22712331477523895,0.8417547753302076
7,fixed_lapse,BIAS,513,-0.09720396887461542,0.20912125249843438,0.07523193826269514,-0.04775791640993872,0.1140491877218482
7,fixed_lapse,RMSE,513,0.13124610691382246,1.0744961290186068,0.23300049638594178,0.23686027767122894,1.1186128077877724
8,none,MAE,513,0.13031391770743456,0.8308986884610182,0.24902232553324666,0.3417086443289307,0.8280651955669975
8,none,BIAS,513,0.15685621238350395,-0.30172482674234796,0.1671807012747738,0.22448923720947858,-0.0889596939078461
8,none,RMSE,513,0.1441787946633221,1.0703781530685519,0.2524883479945357,0.3267979227101611,1.0687737000197737
8,fixed_lapse,MAE,513,0.09029825782309447,0.7666670637720845,0.23954583608570035,0.31175827266306866,0.7914237897151377
8,fixed_lapse,BIAS,513,-0.07866325374843151,0.1715737558762611,0.07031089559876658,-0.039964079588796844,0.0625337231504504
8,fixed_lapse,RMSE,513,0.12206271232002612,1.014774939312334,0.25994808275291725,0.3107061793560406,1.0553135200549142
9,none,MAE,513,0.1550883593872249,0.7742522791235964,0.29143026179393605,0.3965135815277679,0.7921756488153238
9,none,BIAS,513,0.1868759840474104,-0.3630287550974823,0.21346280360250058,0.22252473417012741,-0.0991664529718393
9,none,RMSE,513,0.16870070395467396,0.9905248326102685,0.296123308998676,0.3954396223859467,1.0236415901332243
9,fixed_lapse,MAE,513,0.0706548113741424,0.7159183611868255,0.22783915493533924,0.367293182090518,0.7177347401262738
9,fixed_lapse,BIAS,513,-0.04857731751898985,0.11042155610393715,0.0467674558391149,-0.047198071042278,0.0396756421072877
9,fixed_lapse,RMSE,513,0.0991010477039925,0.9416374589551356,0.25206466868373545,0.37478311936223824,0.9661126270918848
10,none,MAE,513,0.18047571408650523,0.7292299520964354,0.3140253565360711,0.3678604493980373,0.746356502275775
10,none,BIAS,513,0.21809695445043756,-0.42401664715799336,0.23646018736461916,0.18564609275310523,-0.1224398296969179
10,none,RMSE,513,0.19036385047427834,0.9306220352720764,0.31324088798503746,0.37248618452562565,0.9577216723383678
10,fixed_lapse,MAE,513,0.04945906410498478,0.6775216792857193,0.17531940896254783,0.3105204530885599,0.6851180623047702
10,fixed_lapse,BIAS,513,-0.017276661021043596,0.0496670988004316,0.009853609274653508,-0.07706533475882472,0.0139364013275828
10,fixed_lapse,RMSE,513,0.06748949279353365,0.8870376462742807,0.18878877194659482,0.32218969802750874,0.9030587360124004
11,none,MAE,513,0.19832766419075387,0.7216360077708034,0.3172402199610226,0.31451056795352356,0.7326243076189849
11,none,BIAS,513,0.23859361263890627,-0.4642432880108326,0.2385325344308269,0.15313235194253133,-0.1548236722773896
11,none,RMSE,513,0.20338885981572297,0.9179487349017513,0.30884512685368926,0.3049523982554457,0.9411527899029606
11,fixed_lapse,MAE,513,0.038234874379467196,0.6664835377067699,0.12206551428014367,0.22074666848231528,0.660338312315262
11,fixed_lapse,BIAS,513,0.0032820476103172323,0.009544441852313089,0.00038277535893016523,-0.0871730835484714,0.006808419209821
11,fixed_lapse,RMSE,513,0.04790757587830304,0.8698581404873742,0.114400505333345,0.22156179302691045,0.861125729081461
12,none,MAE,513,0.2101435821869147,0.7218732196307251,0.3167036983082665,0.2836455199749025,0.7349217925011666
12,none,BIAS,513,0.250898389087605,-0.48765155308372243,0.23656060178639327,0.1441874922447486,-0.1472378376692713
12,none,RMSE,513,0.21250992318178138,0.916150651762398,0.304486472458275,0.26503627239783134,0.9272738633304224
12,fixed_lapse,MAE,513,0.034106230312959424,0.6630826412615008,0.09093345136562936,0.1479531267610535,0.6377264803324939
12,fixed_lapse,BIAS,513,0.015527283973700765,-0.014025438709857244,0.007616658450506408,-0.08926229295454924,0.005799199022694
12,fixed_lapse,RMSE,513,0.04095301654735876,0.860615105145363,0.07961116283364955,0.14072989045395431,0.8241718709410909
13,none,MAE,513,0.2164708101437948,0.7296490682663331,0.31404564287129644,0.2723567938926585,0.7307731392567356
13,none,BIAS,513,0.2579442340769474,-0.5017607326806465,0.23386457370002944,0.1457406331563656,-0.1472792570454284
13,none,RMSE,513,0.21710617313678085,0.9248885949285603,0.3000915692766245,0.2533892488357048,0.9268462665942078
13,fixed_lapse,MAE,513,0.032837339025224344,0.6634448843346002,0.07882978465807611,0.11393499873961073,0.6242553883024216
13,fixed_lapse,BIAS,513,0.022664027642572047,-0.02795097940883866,0.014499601455379985,-0.06949704491242907,-0.0121548053204267
13,fixed_lapse,RMSE,513,0.03848076230682063,0.861617030067434,0.06639506381080362,0.10472717126851304,0.8107662334112002
14,none,MAE,513,0.22209657580826997,0.7285199832104978,0.31630073056276,0.2738669142187475,0.723734369616398
14,none,BIAS,513,0.26281147933503757,-0.510652624086574,0.23373228582296446,0.14835062274965055,-0.1624719545035984
14,none,RMSE,513,0.22059504544278816,0.9293823529950496,0.2997460356373469,0.2528752239470516,0.9305443048067102
14,fixed_lapse,MAE,513,0.03258347783226357,0.6581445777323169,0.07555985218929928,0.10356174893969135,0.6222460804344315
14,fixed_lapse,BIAS,513,0.027510582489479168,-0.036870218208556425,0.020432481940139025,-0.05529438524472485,-0.0281860522277047
14,fixed_lapse,RMSE,513,0.03603622692230321,0.862988279908494,0.05679188596519369,0.08506583038441387,0.8189057912847978
15,none,MAE,513,0.22730732992385325,0.717920594842946,0.32113647115243227,0.29270326426694243,0.7174202811032475
15,none,BIAS,513,0.2668874269284906,-0.5172042967041717,0.23597079539627708,0.1587196504879737,-0.169591393959636
15,none,RMSE,513,0.22564484958354486,0.917100064816455,0.3066252811438487,0.27915609077274206,0.921476871987053
15,fixed_lapse,MAE,513,0.03430376423857447,0.6398973429447338,0.08554978160123317,0.12450659654904585,0.6145283926075271
15,fixed_lapse,BIAS,513,0.03156655127720925,-0.043414041613359364,0.02716423300082127,-0.03476565513774452,-0.0174605332859137
15,fixed_lapse,RMSE,513,0.037935174881381796,0.8456079039043,0.0645774733583171,0.12221321713272482,0.8069281009785682
16,none,MAE,513,0.23046344303161606,0.7015057417443242,0.3242241943661578,0.32025754931281086,0.6945983801564305
16,none,BIAS,513,0.27033692982998464,-0.522241203550471,0.24086080722400516,0.17424737085559092,-0.1865445494833087
16,none,RMSE,513,0.22870845283577884,0.8984259087332145,0.3124625245053041,0.313886680577861,0.8925821390735754
16,fixed_lapse,MAE,513,0.03682838589864298,0.6102261874404141,0.10537760400134255,0.17662812472557718,0.5961472790455128
16,fixed_lapse,BIAS,513,0.03503267333691213,-0.048605469157137704,0.035901213169807655,0.0031154370304847263,-0.0276169608574032
16,fixed_lapse,RMSE,513,0.04067395824725115,0.8175081982950262,0.0795160090252558,0.17482148234717157,0.7761683995691638
17,none,MAE,513,0.2224820116474766,0.7026735081860032,0.31952648487138047,0.35384764917390277,0.7219211103375724
17,none,BIAS,513,0.2662346680248874,-0.5114499200567144,0.24343912331968198,0.19907575960666934,-0.1619146370405918
17,none,RMSE,513,0.22133308380968353,0.8996616263862374,0.3106751554083932,0.34809751237910663,0.922598052771036
17,fixed_lapse,MAE,513,0.034471716419496604,0.6051542195154461,0.1068715457591185,0.23500648153120643,0.6024360651960021
17,fixed_lapse,BIAS,513,0.03089435590555852,-0.03785869948825264,0.03133490641011771,0.05077842371863863,-0.0222350232994998
17,fixed_lapse,RMSE,513,0.038625887775387086,0.8138435362538107,0.08387861262452201,0.2309765015162236,0.7923113684008751
18,none,MAE,513,0.2018458247983948,0.7479242219985823,0.306623677247966,0.34166531264412725,0.7622537463082731
18,none,BIAS,513,0.2511137202667337,-0.47556153007657476,0.23629431015325042,0.20932519189493493,-0.1267660681445112
18,none,RMSE,513,0.20191863165677504,0.9532033949645509,0.298704522156895,0.3354917697353593,0.990033159516577
18,fixed_lapse,MAE,513,0.02843818738848083,0.6610207074835599,0.074566858401106,0.22682692605118326,0.64944921041902
18,fixed_lapse,BIAS,513,0.015768143466944662,-0.0020637312366475983,0.007467170563214998,0.0616822755543206,0.000528133920354
18,fixed_lapse,RMSE,513,0.035114443447197864,0.8762326973389899,0.07092896601848164,0.22349634165030513,0.8552085118097335
19,none,MAE,513,0.17611574887985437,0.8050810809155499,0.2862500522000879,0.3213331972792705,0.8000045990880248
19,none,BIAS,513,0.2297149161819151,-0.43064563486464985,0.2183379651867433,0.22040654808867335,-0.1207486624212555
19,none,RMSE,513,0.17876438583450135,1.0194391183506437,0.28130232233629693,0.31030703898555867,1.023957529760216
19,fixed_lapse,MAE,513,0.028569170929079603,0.729576180284886,0.06075489345214591,0.22050294442132842,0.7157184968392242
19,fixed_lapse,BIAS,513,-0.005643291264239403,0.04281581701689351,0.0006738567564981146,0.03267231255557773,0.01305774877836
19,fixed_lapse,RMSE,513,0.03995157515147894,0.9516166865930432,0.07553581775983642,0.21344921277662968,0.9384474556965716
20,none,MAE,513,0.15171363909403826,0.8572129426727958,0.2610086602552184,0.28031591331460454,0.8419570105037715
20,none,BIAS,513,0.2050426701535048,-0.38179731217314355,0.19143322261070084,0.21161217155473114,-0.1081651527924328
20,none,RMSE,513,0.15714120976374954,1.0815063369375768,0.258913778783302,0.2717013077191546,1.1060575972806996
20,fixed_lapse,MAE,513,0.03621401355678676,0.790723880208112,0.0696866411693643,0.19546798575131002,0.7739575227825222
20,fixed_lapse,BIAS,513,-0.030341290607251024,0.09169587752194094,0.013348910090010602,-0.01187372604846753,0.0236535090847348
20,fixed_lapse,RMSE,513,0.05200986978205186,1.0231614568495464,0.09395079741031853,0.1946461059081609,1.027387740234091
21,none,MAE,513,0.13670735894905708,0.8859968244481164,0.24080028411797216,0.26255872221040716,0.8750073090470211
21,none,BIAS,513,0.18604740526712837,-0.34579364237584825,0.16939548098655344,0.20408770226342904,-0.1152311638347362
21,none,RMSE,513,0.14482436293951684,1.1177953592636194,0.24173856593877996,0.2540630009809565,1.1205616714614697
21,fixed_lapse,MAE,513,0.04765926061441649,0.8256177132621861,0.09076316115926786,0.1903384475684068,0.8048132777406871
21,fixed_lapse,BIAS,513,-0.049346138526338096,0.1277239844327917,0.02793063040147925,-0.029301018592361183,0.0451221686945378
21,fixed_lapse,RMSE,513,0.06730704700592961,1.0646914395707445,0.12011853421198027,0.19023018502052857,1.0627463166307645
22,none,MAE,513,0.1273019587110889,0.9039504269018801,0.22352672548865682,0.2514759882913058,0.8877044784555693
22,none,BIAS,513,0.17219821331063873,-0.3201611972309032,0.15285380070096655,0.19800900019093862,-0.1211326068501456
22,none,RMSE,513,0.13715617618867998,1.1431694171644329,0.22660002514349098,0.24332860936492134,1.1420094254038975
22,fixed_lapse,MAE,513,0.057040890447281736,0.8484423487747716,0.10611039310956394,0.18299632689530837,0.8351512976149312
22,fixed_lapse,BIAS,513,-0.06327019593537674,0.1533593058036534,0.03947119772197338,-0.0439865487784137,0.0448755138218719
22,fixed_lapse,RMSE,513,0.07933518085945127,1.0950289141824556,0.1370920005489974,0.18472901653164941,1.089032627413382
23,none,MAE,513,0.121721135202318,0.9116244394517491,0.210885628634367,0.24961530352446837,0.9068334084276586
23,none,BIAS,513,0.16163278560364258,-0.30085068550449284,0.1399196191648613,0.19531176947224932,-0.1285445378287397
23,none,RMSE,513,0.1331277355881178,1.1526106477704419,0.21640337791452935,0.24542457406955318,1.1542731696356732
23,fixed_lapse,MAE,513,0.06501092143342387,0.8597279800763159,0.1186103558808772,0.18724140983793092,0.8412207738496337
23,fixed_lapse,BIAS,513,-0.07383864941449625,0.1727504824198387,0.04850198708142972,-0.05334441498581547,0.0621468946193682
23,fixed_lapse,RMSE,513,0.08987432656683407,1.1080994977719463,0.15245404663717788,0.1944939783624355,1.1028683956417311
