ELEVATION_BAND,HOUR,N_STATIONS,NONE_N_PAIRED_HOURS,NONE_BIAS_MEDIAN_C,NONE_BIAS_Q25_C,NONE_BIAS_Q75_C,NONE_BIAS_IQR_C,NONE_MAE_MEDIAN_C,NONE_MAE_Q25_C,NONE_MAE_Q75_C,NONE_MAE_IQR_C,NONE_RMSE_MEDIAN_C,NONE_RMSE_Q25_C,NONE_RMSE_Q75_C,NONE_RMSE_IQR_C,FIXED_N_PAIRED_HOURS,FIXED_BIAS_MEDIAN_C,FIXED_BIAS_Q25_C,FIXED_BIAS_Q75_C,FIXED_BIAS_IQR_C,FIXED_MAE_MEDIAN_C,FIXED_MAE_Q25_C,FIXED_MAE_Q75_C,FIXED_MAE_IQR_C,FIXED_RMSE_MEDIAN_C,FIXED_RMSE_Q25_C,FIXED_RMSE_Q75_C,FIXED_RMSE_IQR_C
100m 미만,0,315,113906,-0.18879147091253307,-0.6358435703391714,0.43202166415358634,1.0678652344927577,0.8331546141134987,0.630401170519993,1.107974758026899,0.47757358750690604,1.0810504895335684,0.8516487084563853,1.394066040419779,0.5424173319633938,113906,0.08812030624970103,-0.3892798109145878,0.5848627814384264,0.9741425923530143,0.8332960070214439,0.6374512135726939,1.068765317271074,0.4313141036983802,1.0840870120036032,0.841508119492984,1.435120734582827,0.593612615089843
100m 미만,1,315,113966,-0.18898663946895122,-0.5808112143561315,0.43128591893571316,1.0120971332918447,0.8353980006107039,0.6411124322169721,1.1099969295006762,0.46888449728370407,1.0823576343046468,0.86128914517363,1.4257693210835531,0.5644801759099232,113966,0.09905207623918912,-0.3820368440071933,0.6261609324743711,1.0081977764815644,0.8399570097650138,0.6361021421313984,1.0925585787595433,0.45645643662814495,1.0888938967919048,0.8542309986580714,1.4156074495275102,0.5613764508694388
100m 미만,2,315,113938,-0.17731443563981264,-0.5891141752931499,0.4361155866398707,1.0252297619330206,0.834806682623111,0.6394288798970962,1.1088345358978309,0.4694056560007347,1.0811173039486317,0.8593069879627804,1.410016827579862,0.5507098396170815,113938,0.11686744791306167,-0.3869283762176404,0.6509793486102367,1.037907724827877,0.8498798300117157,0.6286446219725039,1.0877373174049625,0.45909269543245856,1.109568423223749,0.8527032179127854,1.4230693219700097,0.5703661040572243
100m 미만,3,315,113952,-0.15595467662919357,-0.6023867404986596,0.4355492301184075,1.0379359706170672,0.8399802641755334,0.6405625904038827,1.1122130721706072,0.4716504817667244,1.0725399603049561,0.8560390450098736,1.400783027008233,0.5447439819983595,113952,0.13300105458751113,-0.37932972624815187,0.6436095583930819,1.0229392846412337,0.8415691851137479,0.6262309346611268,1.0968027555599562,0.47057182089882943,1.0894016125428934,0.8409393694456222,1.4260185991790428,0.5850792297334206
100m 미만,4,315,113925,-0.1519278253974547,-0.6341148543932869,0.4437476567585582,1.077862511151845,0.8513677474853496,0.6429414683836817,1.1054052311422788,0.46246376275859713,1.0892783579672123,0.8604425661483115,1.4068249821385586,0.5463824159902471,113925,0.14403554732853072,-0.3628942213341724,0.6473572085737009,1.0102514299078733,0.848832276781186,0.6300295289721805,1.1003405530198145,0.47031102404763403,1.108725297541657,0.8426031308088515,1.4333031354199721,0.5907000046111206
100m 미만,5,315,113910,-0.14875813316625577,-0.6220880453186803,0.4360580881976819,1.0581461335163622,0.840185578289061,0.6364913429445163,1.1113048951622837,0.47481355221776744,1.0687783332853802,0.8554293055359294,1.4168157591178792,0.5613864535819497,113910,0.15464392486373227,-0.3424312836661543,0.6480085695431963,0.9904398532093506,0.8559113145936699,0.6338669110503109,1.09705885439631,0.4631919433459991,1.106855526259161,0.8363223328589892,1.4422037833301173,0.6058814504711282
100m 미만,6,315,113906,-0.16305213502281332,-0.6215751864773202,0.4189377278616939,1.0405129143390142,0.8496159832279618,0.6262227511471994,1.113209585660705,0.48698683451350555,1.0767341238795238,0.8376094933475728,1.3984519406507305,0.5608424473031577,113906,0.14425779125548804,-0.3534096155889278,0.6356003535014297,0.9890099690903575,0.8454405975815728,0.6317913537541567,1.0827971236881997,0.45100576993404295,1.1069080195848824,0.8273748512024174,1.4353292004482707,0.6079543492458533
100m 미만,7,315,113924,-0.176286763890412,-0.5628132256202018,0.3583782747403613,0.9211915003605631,0.789344259101361,0.615426219546614,1.0592767559327425,0.4438505363861285,1.0359486247586294,0.8197619795425353,1.3555132793623357,0.5357512998198004,113924,0.13755313682939058,-0.3637613165921322,0.5826433472666533,0.9464046638587855,0.8030148677950891,0.6078934426927073,1.0303877543679714,0.4224943116752641,1.0623696398541214,0.8043753303126409,1.3638736164161651,0.5594982861035243
100m 미만,8,315,113895,-0.14435699404883248,-0.5056301908424521,0.22650372010654252,0.7321339109489946,0.7503423801300362,0.5866562578085557,0.995869054480073,0.40921279667151733,0.9956235708344168,0.7810012462343423,1.2754665619306185,0.49446531569627616,113895,0.07714512201901032,-0.2839565048625655,0.4702475587823289,0.7542040636448943,0.7415792666025302,0.5775478033477285,0.9345919887060663,0.3570441853583378,0.9976926805270361,0.7725948817075627,1.235063865903565,0.46246898419600235
100m 미만,9,315,113958,-0.1587899715787112,-0.48992220549323806,0.1482502661682637,0.6381724716615018,0.7000454142283298,0.5703881023778927,0.8975315883812154,0.32714348600332266,0.9176411527268542,0.7384775085758092,1.1494701693389269,0.4109926607631177,113958,0.05085949758400298,-0.22765682973969043,0.3415074241688678,0.5691642539085582,0.6753936878285145,0.5553651203578187,0.8466928212884701,0.2913277009306514,0.882597721744124,0.7189431739500529,1.114902233699946,0.395959059749893
100m 미만,10,315,113918,-0.14945172829287814,-0.5021293448449495,0.12220892460468302,0.6243382694496326,0.6687390055505604,0.5370838118043026,0.8642255389747167,0.327141727170414,0.857218220953679,0.701655467640752,1.0936129353109012,0.39195746767014916,113918,0.033218873853597564,-0.21193353062208287,0.2803774554137713,0.49231098603585416,0.6386261686430402,0.5219451406687836,0.776530180109557,0.2545850394407734,0.8351811155781861,0.685041599660845,1.0278849335739286,0.34284333391308364
100m 미만,11,315,113961,-0.16572547519979858,-0.5284929709759623,0.08946318426136077,0.6179561552373231,0.6736988775938474,0.5233476408264479,0.8751371320431527,0.3517894912167048,0.8598786492144104,0.6808521322328549,1.1178598691506885,0.43700773691783357,113961,0.0317293862127868,-0.22179057515961165,0.2744657441673028,0.49625631932691444,0.6248274071272683,0.5149659559655081,0.7837039295419314,0.26873797357642326,0.8090813604190936,0.6630220504682187,1.0222066929117344,0.35918464244351567
100m 미만,12,315,113984,-0.15647427864334748,-0.5361714194764332,0.09480341466470912,0.6309748341411423,0.6687859123202758,0.5074098222831047,0.892603729964276,0.38519390768117123,0.8609568573037372,0.6573953965442776,1.1283909962808871,0.47099559973660954,113984,0.02581939108404849,-0.21915234516322246,0.2727505251053659,0.49190287026858837,0.6158994794973113,0.4997987248167161,0.803035233224316,0.3032365084075999,0.787462352049654,0.6448085274098897,1.0434870691209446,0.3986785417110549
100m 미만,13,315,113992,-0.1688491731063824,-0.564685784935243,0.10438714407106178,0.6690729290063048,0.6662513335766894,0.5131196050438478,0.9372161156876562,0.4240965106438084,0.8474131308017905,0.6593985806041569,1.1307305832633348,0.47133200265917785,113992,0.0053410858699724706,-0.2519844338369486,0.26355381939968925,0.5155382532366378,0.6042899312183387,0.4982436966192768,0.803303129304838,0.30505943268556124,0.7878192717932939,0.6356222996379065,1.0434658868888216,0.4078435872509151
100m 미만,14,315,113977,-0.1863942625804324,-0.5547094590494935,0.09910213244466415,0.6538115914941577,0.6541136198671174,0.5042926341858778,0.9455957814621151,0.4413031472762373,0.8336588378382285,0.6527948768804337,1.1602691408709676,0.5074742639905339,113977,-0.013028953967822634,-0.26189151891563056,0.26352243582978463,0.5254139547454152,0.6029884775894062,0.4822457448291494,0.7932993244071684,0.31105357957801905,0.793461538598843,0.6301968846882575,1.0287726710450111,0.3985757863567536
100m 미만,15,315,114036,-0.19934767459002647,-0.5575463761949047,0.10872008346145264,0.6662664596563573,0.6478899877354086,0.49737712197659023,0.9132636902929181,0.41588656831632786,0.8315717384161969,0.6414529964916407,1.1444365497870812,0.5029835532954405,114036,-0.020041389172801793,-0.27397677498935064,0.224773412684424,0.49875018767377466,0.600795931910228,0.47189092761392426,0.7647317445318925,0.29284081691796826,0.7775288005710916,0.6182846080093922,1.0132296438320414,0.39494503582264917
100m 미만,16,315,114077,-0.2141951319854876,-0.5877146277143968,0.10031627896541452,0.6880309066798113,0.627822290597428,0.4800928690818582,0.8821916349405743,0.40209876585871607,0.8042356509031257,0.6405651934267093,1.1106986163429347,0.4701334229162254,114077,-0.027616960857403255,-0.28213209186787536,0.21354511968536824,0.4956772115532436,0.5577825075280484,0.45814308137491233,0.7154740859532978,0.2573310045783854,0.7419023240606953,0.609209251435338,0.9665617081173011,0.35735245668196314
100m 미만,17,315,114026,-0.2143343415146448,-0.6019044943901712,0.10726321612280676,0.709167710512978,0.6256554848430722,0.4819618255008338,0.8500588146410066,0.36809698914017286,0.8289887482162484,0.644381328701991,1.0939348825596027,0.44955355385761164,114026,-0.03429350719367015,-0.2589820723538462,0.20403509756299407,0.4630171699168403,0.5702893452612742,0.4473059490535537,0.716587286255923,0.26928133720236935,0.7588300284447888,0.6054113503988845,0.9483450593392423,0.3429337089403578
100m 미만,18,315,114079,-0.17632607052646204,-0.6089394157186362,0.12545052476479993,0.7343899404834361,0.6957519230545869,0.5226406057926634,0.9112347046079436,0.3885940988152803,0.9011563280651915,0.7109182287935731,1.1512001814123327,0.4402819526187596,114079,-0.02186646514293477,-0.2630990596490452,0.2750214172026195,0.5381204768516648,0.6240786974347033,0.5069057051844049,0.7952877998792423,0.28838209469483733,0.8196577896000373,0.6691662622877335,1.0463921257099966,0.37722586342226316
100m 미만,19,315,114077,-0.20380762328611243,-0.6538471351668266,0.18427104814586576,0.8381181833126923,0.7416760989659199,0.5758826650060082,0.9836429196401337,0.4077602546341256,0.9589457581398311,0.7715402313493899,1.2609926587132692,0.4894524273638793,114077,-0.009396626623709594,-0.32149867175331126,0.3716396899771742,0.6931383617304855,0.6777995914655986,0.5587096138868299,0.895117797241948,0.336408183355118,0.883870572037983,0.7331393074666026,1.1575045687457657,0.4243652612791631
100m 미만,20,315,114082,-0.19659744786416583,-0.655225477232811,0.26391255325618335,0.9191380304889943,0.7948011967471855,0.6224050238102226,1.0599596652679608,0.43755464145773826,1.027007763804666,0.8190213613860866,1.3224731734065123,0.5034518120204257,114082,-0.015010552633634737,-0.3659677994349103,0.49555600964014745,0.8615238090750578,0.7411690170812696,0.595537137790296,0.9583142709952461,0.3627771332049501,0.9881981848026776,0.7850934547917869,1.237535558187893,0.45244210339610613
100m 미만,21,315,114069,-0.16544858519190758,-0.636901899788426,0.3243435135497975,0.9612454133382236,0.8068588145439662,0.642921335774704,1.0973343642195736,0.45441302844486964,1.058843094518721,0.8526843349563364,1.3617393592355307,0.5090550242791942,114069,0.011234432843570842,-0.374534202025682,0.5524077840114523,0.9269419860371343,0.779024137818079,0.6150804262118286,0.9946261170705962,0.37954569085876766,1.0274023602169275,0.8179688088955683,1.2820315769720634,0.46406276807649505
100m 미만,22,315,114037,-0.178320806524653,-0.6536348173577036,0.3946626623722686,1.0482974797299722,0.8280873458137443,0.6453799941213328,1.1283137213227898,0.482933727201457,1.0721191782302262,0.8579814965939847,1.4101506848686132,0.5521691882746285,114037,0.034591124183139574,-0.3944199170600523,0.5489364835946928,0.9433564006547451,0.7973006146840117,0.6387017789317146,1.0396847843008694,0.40098300536915477,1.0604552236559546,0.8271433834826674,1.37037461898897,0.5432312355063027
100m 미만,23,315,114039,-0.17934828152106608,-0.6449908850912109,0.4163700265451459,1.0613609116363567,0.8283125478978628,0.6459574918812715,1.1232322161812704,0.47727472429999895,1.0863135105714532,0.854923804778696,1.4180647866519038,0.5631409818732078,114039,0.06997884507962869,-0.37533112755703235,0.5628925772706757,0.938223704827708,0.8191917832407992,0.6344178834342987,1.0693846027958547,0.43496671936155595,1.0641240630297824,0.8448075931464687,1.4000779180407505,0.5552703248942819
100~500m 미만,0,158,57181,-0.14012434565679632,-0.5883745785505072,0.48870521081552465,1.077079789366032,0.9339624388590884,0.696733730198952,1.2963960680754423,0.5996623378764903,1.2040668140265507,0.9236125899989635,1.5767082444111225,0.653095654412159,57181,0.13777765241486578,-0.28024448080169195,0.5642573731107532,0.8445018539124451,0.8229330010529612,0.650768744296787,1.119012866647937,0.4682441223511501,1.09684011941519,0.8769262657843284,1.5333562492035742,0.6564299834192457
100~500m 미만,1,158,57209,-0.107953085938507,-0.5809158051011758,0.49628635901453444,1.0772021641157101,0.9216217911140409,0.6981345406332924,1.3168698012308617,0.6187352605975693,1.199554753670507,0.9229523496756292,1.5798021389081167,0.6568497892324875,57209,0.14809518763803642,-0.3110063498405567,0.5788061474319133,0.8898124972724699,0.841236997778992,0.6429980024050597,1.1266996289974593,0.4837016265923997,1.1013015428896997,0.8760910314725222,1.5207105999757375,0.6446195685032153
100~500m 미만,2,158,57191,-0.10031423250014143,-0.6063752857701268,0.47565026476012656,1.0820255505302534,0.9436389032833667,0.6958764364223405,1.2822148191416556,0.586338382719315,1.1991833388109852,0.9204483378036841,1.5756972632175876,0.6552489254139036,57191,0.18304789558762571,-0.3244857846758327,0.6184932865039809,0.9429790711798136,0.8492251223795986,0.6512117092564028,1.1433851913156008,0.492173482059198,1.115807916702972,0.8647851082799216,1.4857916790988617,0.6210065708189401
100~500m 미만,3,158,57184,-0.08204545442369363,-0.5900289508239207,0.46527684292883487,1.0553057937527557,0.9627355499626682,0.7056099095549362,1.3148156966995677,0.6092057871446315,1.2027638658030861,0.9161406889644803,1.6009321106427539,0.6847914216782736,57184,0.1908417674338138,-0.31331571437038225,0.6458889584492559,0.9592046728196382,0.8492431917182389,0.6450096598872374,1.1598576516486692,0.5148479917614318,1.1104463792822963,0.8821585426134487,1.5171068324053403,0.6349482897918916
100~500m 미만,4,158,57177,-0.06616381453878398,-0.6022237999265846,0.48959667431653925,1.091820474243124,0.9522904404638877,0.7030987034817876,1.2953511402393172,0.5922524367575296,1.1946366329078761,0.9349697244322819,1.632216090175841,0.697246365743559,57177,0.171959950651296,-0.33935249526667266,0.6582602805726774,0.99761277583935,0.8510531632168118,0.6436661261810283,1.1477025073167229,0.5040363811356946,1.1209302366525487,0.8828541436411105,1.5394000688160039,0.6565459251748934
100~500m 미만,5,158,57169,-0.05716478283906076,-0.5965743175914212,0.4973475333916208,1.093921850983042,0.9488221958997101,0.7050127847514899,1.289146251960998,0.5841334672095081,1.193399114047571,0.934141442694413,1.624838627585322,0.6906971848909089,57169,0.20721595589890995,-0.3855943917420832,0.6595296060790419,1.045123997821125,0.8624585029484801,0.6654079732806153,1.1648496651419995,0.4994416918613842,1.139153134351173,0.9020897755465633,1.5250350786009566,0.6229453030543932
100~500m 미만,6,158,57183,-0.0400808970769148,-0.5783799736723471,0.5112849075676444,1.0896648812399916,0.924311622442421,0.7073351404922159,1.3071911549563549,0.5998560144641389,1.2028224015343176,0.9310486540194499,1.6175062088928571,0.6864575548734072,57183,0.17723027062817942,-0.34311769913641366,0.6605476891720474,1.0036653883084612,0.8575616592996986,0.6606020723719916,1.1543072517374982,0.4937051793655065,1.147918206641477,0.8974601221189025,1.521649132858586,0.6241890107396835
100~500m 미만,7,158,57180,-0.08655913704276273,-0.5532557986562168,0.5105248962582783,1.0637806949144952,0.9142398940130068,0.6724212853278806,1.3358449427799803,0.6634236574520997,1.1912396226992483,0.9040266553744323,1.6408053719288447,0.7367787165544124,57180,0.13974817801932876,-0.24559136333383905,0.5636494805333045,0.8092408438671436,0.8422179454471715,0.6321682103528581,1.093952985046554,0.46178477469369583,1.1244270671147338,0.864958309696217,1.5526343931894186,0.6876760834932016
100~500m 미만,8,158,57185,-0.09790681567546367,-0.5634870813479551,0.4195751335406076,0.9830622148885627,0.9436135115747741,0.6917031447503228,1.2969792382107403,0.6052760934604176,1.2179762976025224,0.9169268601964264,1.6039529196434597,0.6870260594470332,57185,0.1130713518542712,-0.29415601274295566,0.5565380478559582,0.8506940605989138,0.8336238057302923,0.6668763421258963,1.0912246984899499,0.42434835636405355,1.118924166444426,0.8702299907299589,1.4348392876975093,0.5646092969675505
100~500m 미만,9,158,57117,-0.08599215302676053,-0.5420073319943263,0.34154968315065504,0.8835570151449813,0.8978568579379809,0.7008712606902144,1.266566369163727,0.5656951084735126,1.1293815893112518,0.9065532270220752,1.530630227674982,0.6240770006529067,57117,0.05569780821046581,-0.31837867726103664,0.44575768621519274,0.7641363634762294,0.8014423350196337,0.644203184023008,1.0394769553729744,0.39527377134996633,1.068498027223901,0.8587983779788416,1.4048171544043377,0.5460187764254961
100~500m 미만,10,158,57156,-0.19635936848159924,-0.6855080386440418,0.2939245239711275,0.9794325626151692,0.8226755374963124,0.6503028999451053,1.133002954371158,0.4827000544260527,1.0419829281977826,0.8479587715219734,1.4383963182448145,0.5904375467228411,57156,-0.03590884326625678,-0.28960401851861217,0.28754371570160586,0.577147734220218,0.7149341359554706,0.5943691217137732,0.9271512974678878,0.3327821757541146,0.9558613131514457,0.793740667853919,1.2299034411579581,0.4361627733040392
100~500m 미만,11,158,57174,-0.22215858105245007,-0.68636642409483,0.23296780265600997,0.91933422675084,0.8029408821824109,0.6155848740607263,1.1726006249698755,0.5570157509091492,0.9992601358385761,0.7931529880680105,1.4241694394492224,0.6310164513812119,57174,-0.06528615249648959,-0.2704063331834845,0.20469815280575926,0.47510448598924376,0.6747780114275734,0.5736929628716262,0.8288854608700157,0.2551924979983895,0.8732494172959627,0.7550379778615167,1.0902936304189492,0.3352556525574325
100~500m 미만,12,158,57176,-0.25504231527229554,-0.7705953779325936,0.26042024940789105,1.0310156273404847,0.78981370463481,0.6102271368344403,1.2326990563443712,0.6224719195099309,0.9686862002030889,0.7703569422755587,1.4702194787367944,0.6998625364612356,57176,-0.09028654873591777,-0.2974260540037857,0.11338997634742717,0.41081603035121284,0.6318010125817579,0.5349952676939025,0.7971335106002837,0.2621382429063812,0.8162430410609554,0.701033092024239,0.9950048980462065,0.2939718060219675
100~500m 미만,13,158,57140,-0.23104666164059567,-0.8021250647698891,0.3071807057570711,1.1093057705269602,0.8088443800489182,0.5841938401358753,1.209835886355631,0.6256420462197558,0.9763204447374958,0.7632260734592475,1.4775799787730737,0.7143539053138261,57140,-0.08996605820151049,-0.30723684279715063,0.10745111186645231,0.414687954663603,0.6168530428927358,0.5265584308501913,0.7781150773743803,0.2515566465241891,0.7840636144811355,0.68396006376478,0.976533329555668,0.29257326579088794
100~500m 미만,14,158,57178,-0.22426705618032144,-0.8792149845716721,0.33371019420127246,1.2129251787729447,0.8151847817860214,0.589456538127522,1.305830409687423,0.716373871559901,0.9830499567096158,0.759222355758232,1.5297671436853353,0.7705447879271032,57178,-0.10533577700013633,-0.3234200184948761,0.12915762753867938,0.4525776460335555,0.6050402604151764,0.5139262554217772,0.7701624221976902,0.256236166775913,0.782072360452656,0.6760325126634965,0.9787178280850265,0.30268531542153
100~500m 미만,15,158,57204,-0.22090910615002476,-0.9025149156854095,0.3684255324879482,1.2709404481733577,0.7938029689472884,0.5706667426970488,1.3683008039450888,0.79763406124804,0.9959962179279471,0.74132393846356,1.514360671287601,0.773036732824041,57204,-0.1079509622665569,-0.3385740161925156,0.157204504441606,0.4957785206341216,0.5935010824260112,0.5051064186226986,0.739880226519046,0.2347738078963474,0.7878093272669091,0.6690984055604412,0.9783107333066108,0.3092123277461696
100~500m 미만,16,158,57220,-0.20886713969242593,-0.9096680454299261,0.3775670005113662,1.2872350459412922,0.8097944784869179,0.5741857081896167,1.346601770293214,0.7724160621035974,1.0029667769110386,0.7568114883550423,1.5433849860758106,0.7865734977207683,57220,-0.08010649111050863,-0.3131159088987687,0.17926395339484352,0.49237986229361225,0.5992314506522154,0.49223551709843816,0.7369015004130128,0.24466598331457468,0.7809883250356915,0.654862583838409,0.9708216130621576,0.31595902922374863
100~500m 미만,17,158,57222,-0.1331676351223369,-0.8730220697547042,0.3876557546413999,1.260677824396104,0.828986248663932,0.5786834204017921,1.365998003485069,0.7873145830832768,1.0499010797014838,0.780249025530793,1.524535293194771,0.7442862676639781,57222,-0.04698708852461879,-0.30412998934702795,0.2283160702195459,0.5324460595665739,0.6030741509161287,0.5021589842277989,0.778836811210219,0.27667782698242005,0.7927710913216542,0.6991088592124328,0.9918078968539117,0.29269903764147887
100~500m 미만,18,158,57223,-0.13234287558883395,-0.8494669966843965,0.45997895860014065,1.3094459552845372,0.8498004644179464,0.6115734082114012,1.2789857433613543,0.6674123351499531,1.087524923336274,0.8014172850926972,1.4959329928152956,0.6945157077225984,57223,0.028564975298162328,-0.24692859903936967,0.2685441424685728,0.5154727415079424,0.6576351254833784,0.5460748023940709,0.8281009752123116,0.2820261728182407,0.8777907494076431,0.7313604870585093,1.0699303930016286,0.3385699059431193
100~500m 미만,19,158,57228,-0.09814149296788324,-0.755468495479186,0.41114320259179116,1.166611698070977,0.8850409245300626,0.6574751151853104,1.3487681567910825,0.6912930416057721,1.1370223694579984,0.839619132433614,1.569835334984114,0.7302162025505001,57228,0.08853969233270201,-0.1862399978173721,0.3934460339038284,0.5796860317212005,0.7249207153739143,0.6061342409741763,0.8639560762655804,0.257821835291404,0.9391682610162828,0.7951293981811955,1.1269210548841895,0.33179165670299393
100~500m 미만,20,158,57230,-0.08009386775184119,-0.6567703232148316,0.4672583472329869,1.1240286704478186,0.907849387919571,0.6787179113520129,1.3088642860486783,0.6301463746966655,1.1352687820435898,0.8913952443920783,1.5470235947066453,0.655628350314567,57230,0.07645553891517312,-0.23302901168539014,0.4972785540884338,0.7303075657738239,0.7553265352785823,0.6385813364174543,0.9471340884072807,0.30855275198982646,1.0034835658905097,0.8572171938160231,1.2201426559535262,0.3629254621375031
100~500m 미만,21,158,57225,-0.11309264159198974,-0.5968157561066709,0.47858243785223775,1.0753981939589088,0.9220092083889498,0.7006643965478228,1.3183637846416054,0.6176993880937827,1.1690223277526355,0.9069859287247848,1.550073850657839,0.6430879219330543,57225,0.10539226530602334,-0.22866674345987492,0.5157003862618221,0.744367129721697,0.7954807296051172,0.6543664715306907,0.9882037956709278,0.33383732414023704,1.056792748376048,0.8547851870572949,1.2777327871414788,0.42294760008418386
100~500m 미만,22,158,57244,-0.1365511677266183,-0.5820600629664636,0.5025038322627293,1.084563895229193,0.9339073299420544,0.7075675107579047,1.323040281397299,0.6154727706393943,1.205319214737352,0.9255619150759542,1.5403098890306628,0.6147479739547086,57244,0.10121619653702034,-0.25200912077344223,0.5491175190165452,0.8011266397899874,0.806487023027739,0.6599406187607811,1.0372161916651932,0.37727557290441205,1.0563809695255295,0.8697209717784462,1.3614476499858865,0.4917266782074403
100~500m 미만,23,158,57230,-0.1474521592657777,-0.5675224587283068,0.48012672485618335,1.04764918358449,0.9450270717908463,0.6956031649921823,1.330530788288789,0.6349276232966066,1.221045587247498,0.9236038339626536,1.5657813177684465,0.642177483805793,57230,0.11760692841811535,-0.25965003537664,0.5805828369554814,0.8402328723321214,0.8291171583884864,0.6711205003252748,1.07866878253099,0.40754828220571515,1.0911322703693331,0.8887252894932137,1.4582034330044813,0.5694781435112676
500m 이상,0,40,14417,1.5868468999420533,0.25618916896904476,2.281770186791695,2.02558101782265,2.203759279051723,1.3868770185179926,2.7425961421029497,1.355719123584957,2.5741256526073855,1.7480302263797942,3.1143770495698937,1.3663468231900995,14417,-0.5450249296904879,-1.6775333244149593,0.31739997482229365,1.9949332992372528,1.4223346804473573,0.9975865888577877,2.1531164950167883,1.1555299061590005,1.960466558764264,1.3743627284526498,2.830852730062895,1.4564900016102453
500m 이상,1,40,14410,1.5300039049091905,0.3029128307243289,2.2661524610395665,1.9632396303152375,2.154963032975765,1.3418434256784282,2.705107232084412,1.3632638064059839,2.4926293625604226,1.7256249021966932,3.2060691026523447,1.4804442004556515,14410,-0.6392879809111929,-1.821194381972024,0.35378542325501555,2.1749798052270397,1.4484016449499124,1.006476393959563,2.1940533200177224,1.1875769260581595,1.9446153327638165,1.4530677210662453,2.9603403029442825,1.5072725818780373
500m 이상,2,40,14406,1.381181390904004,0.32234417836224855,2.239029797983193,1.9166856196209443,2.141126558607927,1.316140335404615,2.730123688966927,1.4139833535623119,2.45581035443599,1.7221882220088685,3.2054520756674907,1.4832638536586222,14406,-0.6558154791100772,-1.908559870080691,0.3489408030126212,2.257500673093312,1.4800087691437898,1.0767546375540802,2.264590779389539,1.1878361418354586,1.9675601278918329,1.474633742044256,2.9838722485985993,1.5092385065543434
500m 이상,3,40,14403,1.3225634737640748,0.34587936488903137,2.1176486719736327,1.7717693070846012,2.130163829665205,1.3436104219209357,2.747987638817837,1.4043772168969013,2.405091408355415,1.6782875747033,3.19559692393994,1.5173093492366403,14403,-0.6852913531320435,-1.9944382388796522,0.34083827497693653,2.3352765138565887,1.491672414517601,1.0798919798313087,2.328910528969872,1.2490185491385632,1.9673785525451544,1.5084441983895676,3.072098565697841,1.5636543673082735
500m 이상,4,40,14399,1.2302750584845488,0.26683938183036243,2.0069339294754167,1.7400945476450542,2.0955228907734336,1.3960259320043031,2.7251300687803117,1.3291041367760086,2.3994467429443045,1.787224902354981,3.173640733872934,1.3864158315179531,14399,-0.7245613773039147,-2.1035223171933306,0.30981427970792286,2.4133365969012535,1.5196948020238599,1.1140708537820605,2.4125944535633064,1.2985235997812459,2.018533130530195,1.5180466521456553,3.1593395329857636,1.6412928808401084
500m 이상,5,40,14394,1.1642041408295793,0.21979643951795022,1.960726659703019,1.740930220185069,2.054518114269448,1.3876127982177149,2.7076960530028185,1.3200832547851036,2.359986577093126,1.737249890546821,3.178685895554674,1.4414360050078532,14394,-0.7108223298282994,-2.1285376537944867,0.32690281681361166,2.4554404706080986,1.5856181630527586,1.0969937041823123,2.4544097698841716,1.3574160657018592,2.112849112585644,1.58639097156871,3.2122332152442556,1.6258422436755458
500m 이상,6,40,14394,1.1749687844842873,0.1800927681369256,1.9287041889476202,1.7486114208106946,2.0555883089773124,1.3993658444051824,2.700863639367237,1.3014977949620545,2.3572992431883395,1.7622574053669808,3.189606498815131,1.42734909344815,14394,-0.717452784197304,-2.145577620866713,0.3909790007642582,2.536556621630971,1.6442616655176043,1.0664400686890148,2.4533861872227947,1.38694611853378,2.15639113680086,1.541458749458751,3.206006838043806,1.6645480885850548
500m 이상,7,40,14398,1.3603541351999526,0.23766928176102092,2.0155095061476036,1.7778402243865827,2.118945831276306,1.3828596772439576,2.811196015921861,1.4283363386779033,2.449374104833474,1.7167102701607424,3.244499264737013,1.5277889945762706,14398,-0.6791391254591899,-1.847884449660127,0.260565482455442,2.108449932115569,1.6488574718617706,1.0727315760384133,2.2817183155693375,1.2089867395309242,2.1578628653137057,1.5098035682314017,2.9237748289827574,1.4139712607513557
500m 이상,8,40,14404,1.5855773252516812,0.3369685451608393,2.4151886967004033,2.078220151539564,2.112636448674145,1.3025259698104863,2.753686973841119,1.4511610040306326,2.4500985810903892,1.5934476865731213,3.2213807774070453,1.627933090833924,14404,-0.4896595163058569,-1.5792316318582835,0.46236393272565335,2.041595564583937,1.5333847709235808,1.0440171878443565,1.9610842849431998,0.9170670970988433,2.0326292486946276,1.4285104620771245,2.573669816086531,1.1451593540094065
500m 이상,9,40,14408,1.823332084116497,0.4266247782450091,2.9394108803950427,2.5127861021500335,2.252931808208875,1.2259759926286344,3.202213764028628,1.9762377713999935,2.5199519363779275,1.4900612797234796,3.564445624670286,2.0743843449468065,14408,-0.36420535587348624,-0.8811835858039253,0.47205983818141156,1.3532434239853368,1.266956282338671,0.9566351996301535,1.6797127828328071,0.7230775832026536,1.808379815680982,1.308249288333121,2.2218419150230977,0.9135926266899768
500m 이상,10,40,14406,1.6159956328912544,0.3553334824538737,3.528002981751254,3.1726694992973803,2.1683638196394757,1.153141084800371,3.5438422857202347,2.390701200919864,2.495184877579723,1.4464281824302194,3.820220822825418,2.3737926403951985,14406,-0.021562265905470494,-0.38731864289282825,0.33007097045376044,0.7173896133465887,1.0988052991996569,0.8349877473635022,1.4149705780985071,0.5799828307350049,1.4873019339304991,1.1893004042159707,1.7980046041343087,0.608704199918338
500m 이상,11,40,14419,1.973024935124291,0.3676321556224094,3.9467780489833775,3.579145893360968,2.2849738699569073,1.2156575155333318,3.9574089203980227,2.741751404864691,2.5344410046136163,1.4972668940435045,4.139345297861749,2.6420784038182443,14419,0.1629478217553771,-0.22529118085166722,0.4202642703987536,0.6455554512504208,1.005634551979293,0.782061610497379,1.2379127828145724,0.4558511723171934,1.296390267759098,1.0525748185438908,1.516703997580914,0.4641291790370232
500m 이상,12,40,14413,2.2949232677639655,0.43558159250488376,4.100249178974837,3.6646675864699536,2.456230068427579,1.2017255389140025,4.104539324727356,2.9028137858133536,2.6841212393459193,1.4658764115108283,4.2637502220883885,2.7978738105775602,14413,0.2118636880348006,-0.17230976978025853,0.7765065459981269,0.9488163157783853,0.9800491976067214,0.8019289789369042,1.1928752183712752,0.390946239434371,1.271675854289519,1.0613533406383315,1.5027460739721874,0.44139273333385587
500m 이상,13,40,14419,2.3663202726923847,0.5094187524218773,4.1848781768392715,3.675459424417394,2.6573183348543568,1.2271034544904713,4.186565914330341,2.9594624598398696,2.800529217304713,1.4805444601706952,4.333636743346333,2.853092283175638,14419,0.2929506178343433,-0.1377307479195189,0.8262738890393471,0.964004636958866,0.9799759914249129,0.755637803425414,1.243123625890696,0.48748582246528194,1.255015329218957,1.0188685593607623,1.521972038221872,0.5031034788611097
500m 이상,14,40,14421,2.4411917847685327,0.5106882789371574,4.2874430729556,3.776754794018443,2.734844888957348,1.2313091967044065,4.2874430729556,3.056133876251194,2.887358105302023,1.4545627347723589,4.4043298771108255,2.949767142338467,14421,0.32234991232520666,-0.09270945308036149,0.9185635401094296,1.0112729931897912,0.9761987428970187,0.7614356230702329,1.303138371253268,0.5417027481830351,1.247418193387393,1.0436866997631593,1.5565497392142706,0.5128630394511113
500m 이상,15,40,14421,2.4769320592305766,0.5556303133452786,4.332355790995246,3.7767254776499675,2.7437184901725047,1.2859152616142073,4.3429178969214135,3.057002635307206,2.8870448295613933,1.5037337850291215,4.539254136443142,3.0355203514140205,14421,0.31955034928001175,-0.06866964084364019,0.9667075752122428,1.035377216055883,0.9685148846675704,0.7631630721997084,1.2977963051375048,0.5346332329377964,1.2121432872133184,1.0114737472920368,1.595776256193231,0.5843025089011942
500m 이상,16,40,14425,2.361809995673233,0.6178551104565206,4.755423978533663,4.1375688680771425,2.6440793395661393,1.3131231141734145,4.755983137799627,3.4428600236262126,2.8008585832133273,1.540573448536147,5.002440440244714,3.4618669917085665,14425,0.33178739481330255,-0.07775357438210674,0.9052598952607752,0.9830134696428819,0.9550422952894556,0.7428775362276705,1.2682640077494896,0.525386471521819,1.2044529072219003,0.9932904823037123,1.4672366571475246,0.4739461748438123
500m 이상,17,40,14426,2.133629677499658,0.595411108496082,4.8130269328709705,4.217615824374889,2.3309983277110744,1.2974746350462456,4.815461969741664,3.5179873346954182,2.501194110791308,1.5425084464522016,5.044237145553353,3.5017286991011516,14426,0.36468319903141677,-0.026368791527040147,0.7142246592510322,0.7405934507780724,0.9354205573372307,0.7358185841841565,1.1367313032644515,0.400912719080295,1.2013034288466344,1.013269501449126,1.4124311546111628,0.3991616531620368
500m 이상,18,40,14428,2.0281321582774328,0.43661562839060103,4.501366656028831,4.064751027638231,2.2232922509672903,1.246627300604684,4.502540453393321,3.255913152788637,2.486119188735767,1.4455984139483897,4.809044558105351,3.3634461441569616,14428,0.21313421500581875,-0.14125349892695432,0.5868623979560461,0.7281158968830004,0.9528748638985021,0.718212948016104,1.1294722803291775,0.41125933231307343,1.203238690208042,0.9924550433018642,1.4125914527904069,0.4201364094885427
500m 이상,19,40,14426,1.9978061818328163,0.41206722275763547,3.8560007517014903,3.443933528943855,2.2277839107285518,1.2507280465362323,3.8616524989678878,2.6109244524316555,2.5010156470255898,1.5093039693042067,4.101836445513016,2.5925324762088096,14426,-0.11741466595196332,-0.30389236816447945,0.37790898950241203,0.6818013576668915,1.0252234270673632,0.8095320792116596,1.2709094361470752,0.4613773569354156,1.3276756142029382,1.1154902590693605,1.5540676255065498,0.43857736643718925
500m 이상,20,40,14431,1.992038232443583,0.3426686120909259,3.3405128877471886,2.997844275656263,2.12416582416813,1.3240395868127735,3.3685992777351044,2.044559690922331,2.4063944901322856,1.6400945015850343,3.570676903739513,1.9305824021544788,14431,-0.2629845128939552,-0.7991732095563963,0.37049277558752447,1.1696659851439208,1.0655504424211206,0.8667392765925837,1.4404552223894904,0.5737159457969068,1.457194009267826,1.2367884340445467,1.8464936462865256,0.6097052122419788
500m 이상,21,40,14426,1.9237491906260256,0.2934811348164684,2.949835826504203,2.6563546916877345,2.205194615107533,1.3520302544299814,3.1000546178781123,1.748024363448131,2.5209096360339442,1.6915447557777394,3.3645829340975792,1.6730381783198398,14426,-0.35127786596558097,-1.1359704698654483,0.3412398004836097,1.477210270349058,1.1688258862859304,0.9413206238715501,1.7035656007585398,0.7622449768869897,1.5764459980860857,1.3066565299960033,2.1810868095879328,0.8744302795919294
500m 이상,22,40,14425,1.8052620732900222,0.2601302737641674,2.5936025984667403,2.333472324702573,2.1905382069745913,1.3723511778297544,2.9299221042297954,1.557570926400041,2.544406862733938,1.7152088344663516,3.260021112288454,1.5448122778221025,14425,-0.48092881696460443,-1.4539414783366826,0.377340442520121,1.8312819208568036,1.2612597757568815,0.9653100118621099,1.8805110919814274,0.9152010801193176,1.7141883928201014,1.3141317499464935,2.499737021377031,1.1856052714305374
500m 이상,23,40,14425,1.6509801042911496,0.2700344499823067,2.4163319653070334,2.1462975153247266,2.185949785921422,1.385928044209694,2.807857959914662,1.4219299157049679,2.5575254911622993,1.728073616662414,3.1716530591605148,1.4435794424981008,14425,-0.45584467729120626,-1.6445811790588365,0.33934454199385755,1.9839257210526942,1.3493372425985284,0.992018201459917,2.038791427505263,1.046773226045346,1.8440881418739894,1.3457602405411393,2.656067577615542,1.3103073370744025
